<?xml version="1.0" encoding="utf-8" ?>
<dwsync>
<file name="foundation.abide.js" server="ftp.bzdomains.bz//sciaticasos/" local="130803672220000000" remote="130943902800000000" />
<file name="foundation.accordion.js" server="ftp.bzdomains.bz//sciaticasos/" local="130803672220000000" remote="130943902800000000" />
<file name="foundation.alert.js" server="ftp.bzdomains.bz//sciaticasos/" local="130803672220000000" remote="130943902800000000" />
<file name="foundation.clearing.js" server="ftp.bzdomains.bz//sciaticasos/" local="130803672220000000" remote="130943902800000000" />
<file name="foundation.dropdown.js" server="ftp.bzdomains.bz//sciaticasos/" local="130803672220000000" remote="130943902800000000" />
<file name="foundation.equalizer.js" server="ftp.bzdomains.bz//sciaticasos/" local="130803672220000000" remote="130943902800000000" />
<file name="foundation.interchange.js" server="ftp.bzdomains.bz//sciaticasos/" local="130803672220000000" remote="130943902800000000" />
<file name="foundation.joyride.js" server="ftp.bzdomains.bz//sciaticasos/" local="130803672220000000" remote="130943902800000000" />
<file name="foundation.js" server="ftp.bzdomains.bz//sciaticasos/" local="130803672220000000" remote="130943902800000000" />
<file name="foundation.magellan.js" server="ftp.bzdomains.bz//sciaticasos/" local="130803672220000000" remote="130943902800000000" />
<file name="foundation.offcanvas.js" server="ftp.bzdomains.bz//sciaticasos/" local="130803672220000000" remote="130943902800000000" />
<file name="foundation.orbit.js" server="ftp.bzdomains.bz//sciaticasos/" local="130803672220000000" remote="130943902800000000" />
<file name="foundation.reveal.js" server="ftp.bzdomains.bz//sciaticasos/" local="130803672220000000" remote="130943902800000000" />
<file name="foundation.slider.js" server="ftp.bzdomains.bz//sciaticasos/" local="130803672220000000" remote="130943902800000000" />
<file name="foundation.tab.js" server="ftp.bzdomains.bz//sciaticasos/" local="130803672220000000" remote="130943902800000000" />
<file name="foundation.tooltip.js" server="ftp.bzdomains.bz//sciaticasos/" local="130803672220000000" remote="130943902800000000" />
<file name="foundation.topbar.js" server="ftp.bzdomains.bz//sciaticasos/" local="130803672220000000" remote="130943902800000000" />
</dwsync>